title,book_cat,author,year,rating,total_ratings,description,book_link,review_link
"Artificial Intelligence A Modern Approach, 1st Edition",Artificial Intelligence,Stuart Russell,1995,4.2,352,"Comprehensive, up-to-date introduction to the theory and practice of artificial intelligence. Number one in its field, this textbook is ideal for one or two-semester, undergraduate or graduate-level courses in Artificial Intelligence.",http://www.cin.ufpe.br/~tfl2/artificial-intelligence-modern-approach.9780131038059.25368.pdf,http://www.amazon.com/gp/product/0136042597/ref=as_li_tl?ie=UTF8&camp=1789&creative=9325&creativeASIN=0136042597&linkCode=as2&tag=learnds-20&linkId=3FRORB7P56CEWSK5
Learning Deep Architectures for AI,Artificial Intelligence,Yoshua Bengio,2009,4.0,18,Foundations and Trends(r) in Machine Learning.,http://www.iro.umontreal.ca/~bengioy/papers/ftml_book.pdf,https://www.amazon.com/Learning-Architectures-Foundations-Trends-Machine/dp/1601982941/ref=as_li_ss_tl?ie=UTF8&linkCode=ll1&tag=learnds-20&linkId=05005f5460d62e0fd752acbae505835f&language=en_US
The LION Way: Machine Learning plus Intelligent Optimization,Artificial Intelligence,Roberto Battiti & Mauro Brunato,2013,3.5,2,Learning and Intelligent Optimization (LION) is the combination of learning from data and optimization applied to solve complex and dynamic problems. Learn about increasing the automation level and connecting data directly to decisions and actions.,http://www.e-booksdirectory.com/details.php?ebook=9575,https://www.amazon.com/The-LION-Way-Intelligent-Optimization/dp/1496034023/ref=as_li_ss_tl?ie=UTF8&linkCode=ll1&tag=learnds-20&linkId=8b05170f4d78bc6880510c7d62ea08ef&language=en_US
Disruptive Possibilities: How Big Data Changes Everything,Big Data,Jeffrey Needham,2013,3.5,116,"This book provides an historically-informed overview through a wide range of topics, from the evolution of commodity supercomputing and the simplicity of big data technology, to the ways conventional clouds differ from Hadoop analytics clouds.",http://www.oreilly.com/data/free/files/disruptive-possibilities.pdf,http://www.amazon.com/gp/product/B00CLH387W/ref=as_li_tl?ie=UTF8&camp=1789&creative=9325&creativeASIN=B00CLH387W&linkCode=as2&tag=learnds-20&linkId=7GZJ3Y6HCMNDEOM7
Computer Vision,Computer Science Topics,Richard Szeliski,2010,4.2,116,"Challenging real-world applications where vision is being successfully used, both for specialized applications such as medical imaging, and for fun, consumer-level tasks such as image editing and stitching, which you can use on you own personal media",http://szeliski.org/Book/,http://www.amazon.com/gp/product/1848829345/ref=as_li_tl?ie=UTF8&camp=1789&creative=9325&creativeASIN=1848829345&linkCode=as2&tag=learnds-20&linkId=GDRWGW45NRPO2QBK
Natural Language Processing with Python,Computer Science Topics,Steven Bird,2009,4.1,473,"This book offers a highly accessible introduction to natural language processing, the field that supports a variety of language technologies, from predictive text and email filtering to automatic summarization and translation.",http://www.nltk.org/book_1ed/,http://www.amazon.com/gp/product/0596516495/ref=as_li_tl?ie=UTF8&camp=1789&creative=9325&creativeASIN=0596516495&linkCode=as2&tag=learnds-20&linkId=UCYAEAU2FYZJZBS3
Programming Computer Vision with Python,Computer Science Topics,Jan Erik Solem,2012,4.0,50,"If you want a basic understanding of computer vision’s underlying theory and algorithms, this hands-on introduction is the ideal place to start. You’ll learn techniques for object recognition, 3D reconstruction, stereo imaging, augmented reality, etc",http://programmingcomputervision.com/,https://www.amazon.com/Programming-Computer-Vision-Python-algorithms/dp/1449316549/ref=as_li_ss_tl?ie=UTF8&linkCode=ll1&tag=learnds-20&linkId=af1a94d15f91e415c3ff13b0c51e34da&language=en_US
The Elements of Data Analytic Style,Data Analysis,Jeff Leek,,3.7,175,Data analysis is at least as much art as it is science. This book is focused on the details of data analysis that sometimes fall through the cracks in traditional statistics classes and textbooks.,https://leanpub.com/datastyle,http://www.amazon.com/gp/product/B00U6D80YY/ref=as_li_tl?ie=UTF8&camp=1789&creative=9325&creativeASIN=B00U6D80YY&linkCode=as2&tag=learnds-20&linkId=FHGA4UKKA2AQDF6N
A Course in Machine Learning,Data Mining and Machine Learning,Hal Daumé III,2014,0.0,0,None,http://ciml.info/dl/v0_9/ciml-v0_9-all.pdf,None
A First Encounter with Machine Learning,Data Mining and Machine Learning,Max Welling,2011,0.0,0,None,https://www.ics.uci.edu/~welling/teaching/ICS273Afall11/IntroMLBook.pdf,None
Algorithms for Reinforcement Learning,Data Mining and Machine Learning,Csaba Szepesvari ,2009,4.1,5,"This book gives a very quick but still thorough introduction to reinforcement learning, and includes algorithms for quite a few methods. This is everything a graduate student could ask for in a text.",http://www.ualberta.ca/~szepesva/papers/RLAlgsInMDPs.pdf,http://www.amazon.com/gp/product/1608454924/ref=as_li_tl?ie=UTF8&camp=1789&creative=9325&creativeASIN=1608454924&linkCode=as2&tag=learnds-20&linkId=PCVAOP3YGZYH6YSJ
A Programmer's Guide to Data Mining,Data Mining and Machine Learning,Ron Zacharski,2015,0.0,0,"A guide to practical data mining, collective intelligence, and building recommendation systems by Ron Zacharski. This work is licensed under a Creative Commons license.",http://guidetodatamining.com/,None
Bayesian Reasoning and Machine Learning,Data Mining and Machine Learning,David Barber,2014,4.1,169,"For final-year undergraduates and master's students with limited background in linear algebra and calculus. Comprehensive and coherent, it develops everything from basic reasoning to advanced techniques within the framework of graphical models.",http://web4.cs.ucl.ac.uk/staff/D.Barber/textbook/240415.pdf,http://www.amazon.com/gp/product/0521518148/ref=as_li_tl?ie=UTF8&camp=1789&creative=9325&creativeASIN=0521518148&linkCode=as2&tag=learnds-20&linkId=OX7QV3G4KINZFXWN
Data Mining Algorithms In R,Data Mining and Machine Learning,Wikibooks,2014,0.0,0,None,https://en.wikibooks.org/wiki/Data_Mining_Algorithms_In_R,None
Data Mining and Analysis: Fundamental Concepts and Algorithms,Data Mining and Machine Learning,Mohammed J. Zaki & Wagner Meria Jr.,2014,4.2,13,"The main parts of the book include exploratory data analysis, pattern mining, clustering, and classification. The book lays the basic foundations of these tasks, and also covers many more cutting-edge data mining topics.",http://www.dataminingbook.info/pmwiki.php/Main/BookDownload,http://www.amazon.com/gp/product/0521766338/ref=as_li_tl?ie=UTF8&camp=1789&creative=9325&creativeASIN=0521766338&linkCode=as2&tag=learnds-20&linkId=UZ5WICTOLQ4GBWID
Data Mining: Practical Machine Learning Tools and Techniques,Data Mining and Machine Learning,Ian H. Witten & Eibe Frank,2005,3.9,159,Offers a thorough grounding in machine learning concepts as well as practical advice on applying machine learning tools and techniques in real-world data mining situations.,ftp://ftp.ingv.it/pub/manuela.sbarra/Data%20Mining%20Practical%20Machine%20Learning%20Tools%20and%20Techniques%20-%20WEKA.pdf,http://www.amazon.com/gp/product/0123748569/ref=as_li_tl?ie=UTF8&camp=1789&creative=9325&creativeASIN=0123748569&linkCode=as2&tag=learnds-20&linkId=HVCR2HES3IEKZUFE
Data Mining with Rattle and R,Data Mining and Machine Learning,Graham Williams,2011,4.1,36,"This book aims to get you into data mining quickly. Load some data (e.g., from a database) into the Rattle toolkit and within minutes you will have the data visualised and some models built.",http://mineriaddatos.wikispaces.com/file/view/Data+Mining+With+Rattle+and+R_+The+Art+of+Excavating+Data+for+Knowledge+Discovery+-+Graham+Williams.pdf,http://www.amazon.com/gp/product/1441998896/ref=as_li_tl?ie=UTF8&camp=1789&creative=9325&creativeASIN=1441998896&linkCode=as2&tag=learnds-20&linkId=JZRBDDLH5ZBTNFDI
Deep Learning,Data Mining and Machine Learning,"Yoshua Bengio, Ian J. Goodfellow, & Aaron Courville",2015,0.0,0,The Deep Learning textbook is a resource intended to help students and practitioners enter the field of machine learning in general and deep learning in particular.,http://www.deeplearningbook.org/,None
Gaussian Processes for Machine Learning,Data Mining and Machine Learning,C. E. Rasmussen & C. K. I. Williams,2006,4.2,87,"A comprehensive and self-contained introduction to Gaussian processes, which provide a principled, practical, probabilistic approach to learning in kernel machines.",http://www.gaussianprocess.org/gpml/chapters/RW.pdf,http://www.amazon.com/gp/product/026218253X/ref=as_li_tl?ie=UTF8&camp=1789&creative=9325&creativeASIN=026218253X&linkCode=as2&tag=learnds-20&linkId=RTS7ZDV3IX6QQFCC
"Information Theory, Inference, and Learning Algorithms",Data Mining and Machine Learning,David J.C. MacKay,2005,4.5,421,"""Essential reading for students of electrical engineering and computer science; also a great heads-up for mathematics students concerning the subtlety of many commonsense questions."" Choice",http://www.inference.phy.cam.ac.uk/mackay/itprnn/book.html,http://www.amazon.com/gp/product/0521642981/ref=as_li_tl?ie=UTF8&camp=1789&creative=9325&creativeASIN=0521642981&linkCode=as2&tag=learnds-20&linkId=TNNN63S5LE53P6HC
Introduction to Machine Learning,Data Mining and Machine Learning,Amnon Shashua,2008,0.0,0,None,http://arxiv.org/pdf/0904.3664.pdf,None
Introduction to Machine Learning,Data Mining and Machine Learning,Alex Smola & S.V.N. Vishwanathan,2008,0.0,0,None,http://alex.smola.org/drafts/thebook.pdf,None
KB – Neural Data Mining with Python Sources,Data Mining and Machine Learning,Roberto Bello,2013,0.0,0,None,http://www.freeopen.org/wp-content/uploads/2013/10/KB_neural_data_mining.pdf,None
Machine Learning,Data Mining and Machine Learning,Abdelhamid Mellouk & Abdennacer Chebira,,0.0,0,None,http://www.intechopen.com/books/machine_learning,None
"Machine Learning, Neural and Statistical Classification",Data Mining and Machine Learning,"D. Michie, D.J. Spiegelhalter, & C.C. Taylor",1999,2.9,1,None,http://www1.maths.leeds.ac.uk/~charles/statlog/,http://www.amazon.com/gp/product/8188689734/ref=as_li_tl?ie=UTF8&camp=1789&creative=9325&creativeASIN=8188689734&linkCode=as2&tag=learnds-20&linkId=NZXTVLNVQBREPGQB
Machine Learning – The Complete Guide,Data Mining and Machine Learning,Wikipedia,,0.0,0,None,https://en.wikipedia.org/wiki/Book:Machine_Learning_%E2%80%93_The_Complete_Guide,None
Mining of Massive Datasets,Data Mining and Machine Learning,"Jure Leskovec, Anand Rajaraman, & Jeff Ullman",2014,4.3,24,"Essential reading for students and practitioners, this book focuses on practical algorithms used to solve key problems in data mining, with exercises suitable for students from the advanced undergraduate level and beyond.",http://www.mmds.org/,http://www.amazon.com/gp/product/1107077230/ref=as_li_tl?ie=UTF8&camp=1789&creative=9325&creativeASIN=1107077230&linkCode=as2&tag=learnds-20&linkId=Z7PSFPIELCNZC7B2
Modeling With Data,Data Mining and Machine Learning,Ben Klemens,2008,0.0,0,"Modeling with Data offers a useful blend of data-driven statistical methods and nuts-and-bolts guidance on implementing those methods. --Pat Hall, founder of Translation Creation",http://modelingwithdata.org/about_the_book.html,None
Neural Networks and Deep Learning,Data Mining and Machine Learning,Michael Nielsen,2015,0.0,0,"Neural networks and deep learning currently provide the best solutions to many problems in image recognition, speech recognition, and natural language processing. This book will teach you concepts behind neural networks and deep learning.",http://neuralnetworksanddeeplearning.com/,None
Probabilistic Programming & Bayesian Methods for Hackers,Data Mining and Machine Learning,Cam Davidson-Pilon,2015,4.0,151,"illuminates Bayesian inference through probabilistic programming with the powerful PyMC language and the closely related Python tools NumPy, SciPy, and Matplotlib. Using this approach, you can reach effective solutions in small increments.",http://camdavidsonpilon.github.io/Probabilistic-Programming-and-Bayesian-Methods-for-Hackers/,https://www.amazon.com/Bayesian-Methods-Hackers-Probabilistic-Addison-Wesley/dp/0133902838/ref=as_li_ss_tl?ie=UTF8&linkCode=ll1&tag=learnds-20&linkId=a45ae9f632336bbb659887b796a275f7&language=en_US
Real-World Active Learning,Data Mining and Machine Learning,Ted Cuzzillo,2015,0.0,0,Applications and Strategies for Human-in-the-loop Machine Learning.,http://www.oreilly.com/data/free/files/real-world-active-learning.pdf,None
Reinforcement Learning: An Introduction,Data Mining and Machine Learning,Richard S. Sutton & Andrew G. Barto,2012,4.5,452,A clear and simple account of the key ideas and algorithms of reinforcement learning. Their discussion ranges from the history of the field's intellectual foundations to the most recent developments and applications.,http://people.inf.elte.hu/lorincz/Files/RL_2006/SuttonBook.pdf,http://www.amazon.com/gp/product/0262193981/ref=as_li_tl?ie=UTF8&camp=1789&creative=9325&creativeASIN=0262193981&linkCode=as2&tag=learnds-20&linkId=A75CVMV2RRAHZKKO
Social Media Mining An Introduction,Data Mining and Machine Learning,"Reza Zafarani, Mohammad Ali Abbasi, & Huan Liu",2014,4.1,1,"Suitable for use in advanced undergraduate and beginning graduate courses as well as professional short courses, the text contains exercises of different degrees of difficulty that improve understanding and help apply concepts in social media mining",http://dmml.asu.edu/smm/book/,http://www.amazon.com/gp/product/1107018854/ref=as_li_tl?ie=UTF8&camp=1789&creative=9325&creativeASIN=1107018854&linkCode=as2&tag=learnds-20&linkId=HND3KYMEP2YN5PW4
Theory and Applications for Advanced Text Mining,Data Mining and Machine Learning,Shigeaki Sakurai,2012,0.0,0,This book is composed of 9 chapters introducing advanced text mining techniques. They are various techniques from relation extraction to under or less resourced language.,http://www.intechopen.com/books/theory-and-applications-for-advanced-text-mining,None
Understanding Machine Learning: From Theory to Algorithms,Data Mining and Machine Learning,Shai Shalev-Shwartz,2014,4.2,86,"The aim of this textbook is to introduce machine learning, and the algorithmic paradigms it offers, in a principled way.",http://www.cs.huji.ac.il/~shais/UnderstandingMachineLearning/copy.html,https://www.amazon.com/Understanding-Machine-Learning-Theory-Algorithms/dp/1107057132/ref=as_li_ss_tl?ie=UTF8&linkCode=ll1&tag=learnds-20&linkId=35429fde434fee2e8a4e08d026a96e35&language=en_US
An Introduction to Data Science,Data Science in General,"Jeffrey Stanton, Syracuse University",,4.0,3,This book was developed for the Certificate of Data Science pro- gram at Syracuse University’s School of Information Studies.,https://docs.google.com/file/d/0B6iefdnF22XQeVZDSkxjZ0Z5VUE/edit?pli=1,None
Data Jujitsu: The Art of Turning Data into Product,Data Science in General,DJ Patil,2012,3.8,217,"Learn how to use a problem's ""weight"" against itself. Learn more about the problems before starting on the solutions—and use the findings to solve them, or determine whether the problems are worth solving at all.",http://www.oreilly.com/data/free/data-jujitsu.csp,None
School of Data Handbook,Data Science in General,School of Data,2015,0.0,0,The School of Data Handbook is a companion text to the School of Data. Its function is something like a traditional textbook – it will provide the detail and background theory to support the School of Data courses and challenges.,http://schoolofdata.org/handbook/,None
The Art of Data Science,Data Science in General,Roger D. Peng & Elizabeth Matsui,2015,3.7,12,"This book describes the process of analyzing data. The authors have extensive experience both managing data analysts and conducting their own data analyses, and this book is a distillation of their experience...",https://leanpub.com/artofdatascience,https://www.amazon.com/Art-Data-Science-Roger-Peng/dp/1365061469/ref=as_li_ss_tl?&linkCode=ll1&tag=learnds-20&linkId=cb5dec01179c110636a783d4cfa7845a&language=en_US
D3 Tips and Tricks,Data Visualization,Malcolm Maclean,2015,3.9,8,D3 Tips and Tricks is a book written to help those who may be unfamiliar with JavaScript or web page creation get started turning information into visualization.,https://leanpub.com/D3-Tips-and-Tricks,http://www.amazon.com/gp/product/B00IZ6P1KU/ref=as_li_tl?ie=UTF8&camp=1789&creative=9325&creativeASIN=B00IZ6P1KU&linkCode=as2&tag=learnds-20&linkId=VPBOM7F4YWSAQ7GQ
Interactive Data Visualization for the Web,Data Visualization,Scott Murray,2013,4.1,424,"Create and publish your own interactive data visualization projects on the Web—even if you have little or no experience with data visualization or web development. It’s easy and fun with this practical, hands-on introduction.",http://chimera.labs.oreilly.com/books/1230000000345/index.html,http://www.amazon.com/gp/product/1449339735/ref=as_li_tl?ie=UTF8&camp=1789&creative=9325&creativeASIN=1449339735&linkCode=as2&tag=learnds-20&linkId=U6KX5XGSIKX3T74L
Data-Intensive Text Processing with MapReduce,Distributed Computing Tools,Jimmy Lin & Chris Dyer,2010,4.1,27,MapReduce [45] is a programming model for expressing distributed computations on massive amounts of data and an execution framework for large-scale data processing on clusters of commodity servers. It was originally developed by Google...,https://lintool.github.io/MapReduceAlgorithms/MapReduce-book-final.pdf,http://www.amazon.com/gp/product/1608453421/ref=as_li_tl?ie=UTF8&camp=1789&creative=9325&creativeASIN=1608453421&linkCode=as2&tag=learnds-20&linkId=DAMKDNZVAE4Y3VCE
Hadoop Illuminated,Distributed Computing Tools,Mark Kerzner & Sujee Maniyam,2014,0.0,0,"'Hadoop illuminated' is the open source book about Apache Hadoop™. It aims to make Hadoop knowledge accessible to a wider audience, not just to the highly technical.",http://hadoopilluminated.com/index.html,None
Hadoop Tutorial as a PDF,Distributed Computing Tools,Tutorials Point,,0.0,0,Intro to Hadoop - An open-source framework for storing and processing big data in a distributed environment across clusters of computers using simple programming models. It is designed to scale up from single servers to thousands of machines.,http://www.tutorialspoint.com/hadoop/hadoop_tutorial.pdf,None
Programming Pig,Distributed Computing Tools,Alan Gates,2011,3.6,53,"This guide is an ideal learning tool and reference for Apache Pig, the open source engine for executing parallel data flows on Hadoop.",http://chimera.labs.oreilly.com/books/1234000001811/index.html,https://www.amazon.com/Programming-Pig-Alan-Gates/dp/1449302645/ref=as_li_ss_tl?ie=UTF8&linkCode=ll1&tag=learnds-20&linkId=dae81bd81a038bff987a95796d426b55&language=en_US
Building Data Science Teams,Forming Data Science Teams,DJ Patil,,3.6,320,"In this in-depth report, data scientist DJ Patil explains the skills,perspectives, tools and processes that position data science teams for success.",http://www.oreilly.com/data/free/building-data-science-teams.csp,https://www.amazon.com/gp/product/B005O4U3ZE/ref=as_li_tl?ie=UTF8&camp=1789&creative=9325&creativeASIN=B005O4U3ZE&linkCode=as2&tag=learnds-20&linkId=SCRZDHGKPJBOV6HI
Data Driven: Creating a Data Culture,Forming Data Science Teams,"DJ Patil,‎ Hilary Mason",,3.8,354,"In this O’Reilly report, DJ Patil and Hilary Mason outline the steps you need to take if your company is to be truly data-driven—including the questions you should ask and the methods you should adopt.",http://www.amazon.com/gp/product/B00SXHFTAS/ref=as_li_tl?ie=UTF8&camp=1789&creative=9325&creativeASIN=B00SXHFTAS&linkCode=as2&tag=learnds-20&linkId=AFUCGXSSAFL47UA3,None
The Data Science Handbook,Interviews with Data Scientists,"by Carl Shan (Author),‎ William Chen (Author),‎ Henry Wang (Author),‎ Max Song (Author)",,4.0,37,"The Data Science Handbook is a compilation of in-depth interviews with 25 remarkable data scientists, where they share their insights, stories, and advice.",http://www.thedatasciencehandbook.com/get-the-book,https://www.amazon.com/gp/product/0692434879/ref=as_li_ss_tl?ie=UTF8&linkCode=ll1&tag=learnds-20&linkId=b7d8ec4765df0b68c8a6a1f86872298e&language=en_US
A Byte of Python,Learning Languages,Swaroop C H,2003,4.1,23,"‘A Byte of Python’ is a free book on programming using the Python language. It serves as a tutorial or guide to the Python language for a beginner audience. If all you know about computers is how to save text files, then this is the book for you.",http://files.swaroopch.com/python/byte_of_python.pdf,https://www.amazon.com/A-Byte-Python-Swaroop-C-ebook/dp/B00FJ7S2JU/ref=as_li_ss_tl?ie=UTF8&linkCode=ll1&tag=learnds-20&linkId=98e0c7e2ac82f24fb0c089f8d325ab0d&language=en_US
Advanced R,Learning Languages,Hadley Wickham,2014,4.6,223,"Useful tools and techniques for attacking many types of R programming problems, helping you avoid mistakes and dead ends. With ten+ years of experience programming in R, the author illustrates the elegance, beauty, and flexibility at the heart of R.",http://adv-r.had.co.nz/,http://www.amazon.com/gp/product/1466586966/ref=as_li_tl?ie=UTF8&camp=1789&creative=9325&creativeASIN=1466586966&linkCode=as2&tag=learnds-20&linkId=233DWC3GAPKAHECY
A Little Book of R for Time Series,Learning Languages,Avril Coghlan,2015,0.0,0,This is a simple introduction to time series analysis using the R statistics software.,https://a-little-book-of-r-for-time-series.readthedocs.org/en/latest/,None
Automate the Boring Stuff with Python: Practical Programming for Total Beginners,Learning Languages,Al Sweigart,2015,4.3,1890,"Practical programming for total beginners. In Automate the Boring Stuff with Python, you'll learn how to use Python to write programs that do in minutes what would take you hours to do by hand-no prior programming experience required.",https://automatetheboringstuff.com/,http://www.amazon.com/gp/product/1593275994/ref=as_li_tl?ie=UTF8&camp=1789&creative=9325&creativeASIN=1593275994&linkCode=as2&tag=learnds-20&linkId=BDJSRUSJYCH2SQRK
Dive Into Python 3,Learning Languages,Mark Pilgrim,2009,3.8,260,"This is a hands-on guide to Python 3 and its differences from Python 2. Each chapter starts with a real, complete code sample, picks it apart and explains the pieces, and then puts it all back together in a summary at the end.",http://www.diveintopython3.net/,http://www.amazon.com/gp/product/1430224150/ref=as_li_tl?ie=UTF8&camp=1789&creative=9325&creativeASIN=1430224150&linkCode=as2&tag=learnds-20&linkId=QSTPOKTYNWYG6CCU
Ecological Models and Data in R,Learning Languages,Benjamin M. Bolker,2008,4.2,38,"The first truly practical introduction to modern statistical methods for ecology. In step-by-step detail, the book teaches ecology graduate students and researchers everything they need to know to analyze their own data using the R language.",http://ms.mcmaster.ca/~bolker/emdbook/index.html,https://www.amazon.com/Ecological-Models-Data-Benjamin-Bolker/dp/0691125228/ref=as_li_ss_tl?ie=UTF8&linkCode=ll1&tag=learnds-20&linkId=2117a8aa69a5cd7b38854caf45085ac1&language=en_US
Invent with Python,Learning Languages,Albert Sweigart,,4.1,130,"""Invent Your Own Computer Games with Python"" teaches you computer programming in the Python programming language. Each chapter gives you the complete source code for a new game and teaches the programming concepts from these examples.",http://inventwithpython.com/invent4thed/,https://www.amazon.com/gp/product/1593277954/ref=as_li_ss_tl?ie=UTF8&linkCode=ll1&tag=learnds-20&linkId=7b2bbd47037ca6eb830495c83ab12910&language=en_US
Learning Statistics with R,Learning Languages,Daniel Navarro,2015,0.0,0,"I (Dani) started teaching the introductory statistics class for psychology students offered at the University of Adelaide, using the R statistical package as the primary tool. These are my own notes for the class which were trans-coded to book form.",http://compcogscisydney.org/learning-statistics-with-r/,None
Learning with Python 3,Learning Languages,"Peter Wentworth, Jeffrey Elkner, Allen B. Downey, & Chris Meyers",2012,4.1,14,Introduction to computer science using the Python programming language. It covers the basics of computer programming in the first part while later chapters cover basic algorithms and data structures.,http://openbookproject.net/thinkcs/python/english3e/,https://www.amazon.com/Learning-PYTHON-Think-Computer-Scientist/dp/1441419071/ref=as_li_ss_tl?ie=UTF8&linkCode=ll1&tag=learnds-20&linkId=dd3172650acf0880dec94548ea6be2f5&language=en_US
"Learn Python, Break Python",Learning Languages,Scott Grant,2014,4.0,9,"This is a hands-on introduction to the Python programming language, written for people who have no experience with programming whatsoever. After all, everybody has to start somewhere.",http://learnpythonbreakpython.com/,https://www.amazon.com/Learn-Python-Break-Beginners-Programming-ebook/dp/B00IGF3E36/ref=as_li_ss_tl?ie=UTF8&linkCode=ll1&tag=learnds-20&linkId=efbb1ab989a9e4fa6d5d8eeb637f34d1&language=en_US
Learn Python the Hard Way,Learning Languages,Zed A. Shaw,2013,3.9,136,This is a free sample of Learn Python 2 The Hard Way with 8 exercises and Appendix A available for you to review.,http://learnpythonthehardway.org/book/,http://www.amazon.com/gp/product/0321884914/ref=as_li_tl?ie=UTF8&camp=1789&creative=9325&creativeASIN=0321884914&linkCode=as2&tag=learnds-20&linkId=DRCMMO4TT64AIMEG
Practical Regression and Anova using R,Learning Languages,Julian J. Faraway,2002,0.0,0,"This book is NOT introductory. The emphasis of this text is on the practice of regression and analysis of variance. The objective is to learn what methods are available and more importantly, when they should be applied.",https://cran.r-project.org/doc/contrib/Faraway-PRA.pdf,None
Python for Everybody,Learning Languages,Dr. Charles R Severance,2016,4.3,449,This book is designed to introduce students to programming and computational thinking through the lens of exploring data. You can think of Python as your tool to solve problems that are far beyond the capability of a spreadsheet.,http://do1.dr-chuck.com/pythonlearn/EN_us/pythonlearn.pdf,https://www.amazon.com/Python-Everybody-Exploring-Data-ebook/dp/B01IA5VIFM/ref=as_li_ss_tl?ie=UTF8&qid=1468500870&sr=8-2&keywords=python+for+everybody&linkCode=ll1&tag=learnds-20&linkId=7f3975d961480d
Python for You and Me,Learning Languages,Kushal Das,2015,0.0,0,"This is a simple book to learn the Python programming language, it is for the programmers who are new to Python.",http://pymbook.readthedocs.org/en/latest/,None
Python Practice Book,Learning Languages,Anand Chitipothu,2014,0.0,0,This book is prepared from the training notes of Anand Chitipothu.,http://anandology.com/python-practice-book/,None
Python Programming,Learning Languages,Wikibooks,2015,0.0,0,"This book describes Python, an open-source general-purpose interpreted programming language available for a broad range of operating systems. This book describes primarily version 2, but does at times reference changes in version 3.",https://en.wikibooks.org/wiki/Python_Programming,None
R by Example,Learning Languages,Ajay Shah,2005,0.0,0,None,http://www.mayin.org/ajayshah/KB/R/index.html,None
R Programming,Learning Languages,Wikibooks,2014,0.0,0,"The aim of this Wikibook is to be the place where anyone can share his or her knowledge and tricks on R. It is supposed to be organized by task but not by discipline. We try to make a cross-disciplinary book, i.e. a book that can be used by all.",https://en.wikibooks.org/wiki/R_Programming,None
R Programming for Data Science,Learning Languages,Roger D. Peng,,0.0,0,"This book is about the fundamentals of R programming. You will get started with the basics of the language, learn how to manipulate datasets, how to write functions, and how to debug and optimize code.",https://leanpub.com/rprogramming,None
Spatial Epidemiology Notes: Applications and Vignettes in R,Learning Languages,Charles DiMaggio,2014,0.0,0,"My intent is to present a relatively brief, non-jargony overview of how practicing epidemiologists can apply some of the extremely powerful spatial analytic tools that are easily available to them.",http://www.columbia.edu/~cjd11/charles_dimaggio/DIRE/resources/spatialEpiBook.pdf,None
The R Inferno,Learning Languages,Patrick Burns,2011,4.0,7,"An essential guide to the trouble spots and oddities of R. In spite of the quirks exposed here, R is the best computing environment for most data analysis tasks.",http://www.burns-stat.com/pages/Tutor/R_inferno.pdf,https://www.amazon.com/The-R-Inferno-Patrick-Burns/dp/1471046524/ref=as_li_ss_tl?ie=UTF8&linkCode=ll1&tag=learnds-20&linkId=2fe53762f42c68b1efd911cdffd1c53c&language=en_US
The R Manuals,Learning Languages,R Development Core Team,,0.0,0,The R Manuals.,https://cran.r-project.org/manuals.html,None
Think Python 2nd Edition,Learning Languages,Allen Downey,2015,4.1,75,"This hands-on guide takes you through Python a step at a time, beginning with basic programming concepts before moving on to functions, recursion, data structures, and object-oriented design. Updated to Python 3.",http://greenteapress.com/wp/think-python-2e/,http://amzn.to/2qeqvpE
A First Course in Linear Algebra,Math Topics,Robert A Beezer,2012,3.7,2,"This is an introduction to the basic concepts of linear algebra, along with an introduction to the techniques of formal mathematics. It has numerous worked examples, exercises and complete proofs, ideal for independent study.",http://linear.ups.edu/download.html,https://www.amazon.com/A-First-Course-Linear-Algebra/dp/0984417559/ref=as_li_ss_tl?ie=UTF8&linkCode=ll1&tag=learnds-20&linkId=4199c74463af91431d3077e8e40cfbb6&language=en_US
Elementary Applied Topology,Math Topics,Robert Ghrist,2014,4.2,24,This text gives a brisk and engaging introduction to the mathematics behind the recently established field of Applied Topology.,https://www.math.upenn.edu/~ghrist/notes.html,https://www.amazon.com/Elementary-Applied-Topology-Robert-Ghrist/dp/1502880857/ref=as_li_ss_tl?ie=UTF8&linkCode=ll1&tag=learnds-20&linkId=3bed0551bd4c590f6da69ad128375f54&language=en_US
Elementary Differential Equations,Math Topics,William F. Trench,2013,4.5,6,"This text has been written in clear and accurate language that students can read and comprehend. The author has minimized the number of explicitly state theorems and definitions, in favor of dealing with concepts in a more conversational manner.",http://ramanujan.math.trinity.edu/wtrench/texts/TRENCH_DIFF_EQNS_I.PDF,https://www.amazon.com/Elementary-Differential-Equations-William-Trench/dp/0534368417/ref=as_li_ss_tl?ie=UTF8&linkCode=ll1&tag=learnds-20&linkId=94d79e5657e9052180a51201f7b18d9d&language=en_US
Introduction to Probability,Math Topics,Charles M. Grinstead & J. Laurie Snell,1997,4.3,13,"This book is designed for an introductory probability course at the university level for sophomores, juniors, and seniors in mathematics, physical and social sciences, engineering, and computer science.",http://www.dartmouth.edu/~chance/teaching_aids/books_articles/probability_book/amsbook.mac.pdf,https://www.amazon.com/Introduction-Probability-Charles-M-Grinstead/dp/0821807498/ref=as_li_ss_tl?ie=UTF8&linkCode=ll1&tag=learnds-20&linkId=7f7e3f67ed0494708f12bb106b2544a7&language=en_US
Linear Algebra,Math Topics,"David Cherney, Tom Denton & Andrew Waldron",2013,0.0,0,None,https://www.math.ucdavis.edu/~linear/linear-guest.pdf,None
Linear Algebra: An Introduction to Mathematical Discourse,Math Topics,Wikibooks,,0.0,0,None,https://en.wikibooks.org/wiki/Linear_Algebra,None
"Linear Algebra, Theory And Applications",Math Topics,Kenneth Kuttler,2015,3.5,1,This book gives a self- contained treatment of linear algebra with many of its most important applications. It is very unusual if not unique in being an elementary book which does not neglect arbitrary fields of scalars and the proofs of the theorems,https://resources.saylor.org/wwwresources/archived/site/wp-content/uploads/2012/02/Linear-Algebra-Kuttler-1-30-11-OTC.pdf,https://www.amazon.com/Linear-Algebra-Applications-Roger-Baker/dp/9814590533/ref=as_li_ss_tl?ie=UTF8&linkCode=ll1&tag=learnds-20&linkId=ced51bf1d981304c5c5e8312aee121d1&language=en_US
Ordinary Differential Equations,Math Topics,Wikibooks,,0.0,0,None,https://en.wikibooks.org/wiki/Ordinary_Differential_Equations,None
Probabilistic Models in the Study of Language,Math Topics,R Levy,2012,0.0,0,None,http://idiom.ucsd.edu/~rlevy/pmsl_textbook/text.html,None
Probability and Statistics Cookbook,Math Topics,Matthias Vallentin,,0.0,0,"The probability and statistics cookbook is a succinct representation of various topics in probability theory and statistics. It provides a comprehensive mathematical reference reduced to its essence, rather than aiming for elaborate explanations.",http://statistics.zone/,None
Cassandra Tutorial as a PDF,"SQL, NoSQL, and Databases",Tutorials Point,2015,0.0,0,None,http://www.tutorialspoint.com/cassandra/cassandra_tutorial.pdf,None
Extracting Data from NoSQL Databases,"SQL, NoSQL, and Databases",Petter Näsholm,2012,0.0,0,None,http://publications.lib.chalmers.se/records/fulltext/155048.pdf,None
Graph Databases,"SQL, NoSQL, and Databases","Ian Robinson, Jim Webber, & Emil Eifrem",2013,3.6,22,Get started with O'Reilly's Graph Databases and discover how graph databases can help you manage and query highly connected data.,https://neo4j.com/graph-databases-book/?ref=home,None
NoSQL Databases,"SQL, NoSQL, and Databases",Christof Strauch,,0.0,0,None,http://www.christof-strauch.de/nosqldbs.pdf,None
SQL for Web Nerds,"SQL, NoSQL, and Databases",Philip Greenspun,,0.0,0,None,http://philip.greenspun.com/sql/,None
SQL Tutorial as a PDF,"SQL, NoSQL, and Databases",Tutorials Point,,0.0,0,This tutorial will give you a quick start to SQL. It covers most of the topics required for a basic understanding of SQL and to get a feel of how it works.,http://www.tutorialspoint.com/sql/sql_tutorial.pdf,None
The Little MongoDB Book,"SQL, NoSQL, and Databases",Karl Seguin,2011,0.0,0,"MongoDB is an open source NoSQL database, easily scalable and high performance. It retains some similarities with relational databases which, in my opinion, makes it a great choice for anyone who is approaching the NoSQL world.",http://openmymind.net/mongodb.pdf,https://www.amazon.com/Little-MongoDB-Book-Karl-Seguin/dp/1493786601/ref=as_li_ss_tl?ie=UTF8&linkCode=ll1&tag=learnds-20&linkId=3d03e66a8de3f8b4edf990d406845b64&language=en_US
A First Course in Design and Analysis of Experiments,Statistics,Gary W. Oehlert,2010,2.9,13,"Suitable for either a service course for non-statistics graduate students or for statistics majors. Unlike most texts for the one-term grad/upper level course on experimental design, this book offers a superb balance of both analysis and design.",http://users.stat.umn.edu/~gary/book/fcdae.pdf,http://www.amazon.com/gp/product/0716735105/ref=as_li_tl?ie=UTF8&camp=1789&creative=9325&creativeASIN=0716735105&linkCode=as2&tag=learnds-20&linkId=ANQ3W74HOM7ORCCY
An Introduction to Statistical Learning with Applications in R,Statistics,"Gareth James, Daniela Witten, Trevor Hastie, & Robert Tibshirani",2013,4.6,1833,"This book presents some of the most important modeling and prediction techniques, along with relevant applications. Topics include linear regression, classification, resampling methods, shrinkage approaches, tree-based methods, and much more.",http://www-bcf.usc.edu/~gareth/ISL/ISLR%20Fourth%20Printing.pdf,http://www.amazon.com/gp/product/1461471370/ref=as_li_tl?ie=UTF8&camp=1789&creative=9325&creativeASIN=1461471370&linkCode=as2&tag=learnds-20&linkId=YN3NQYMEUB3AEVP2
Artificial Intelligence: Foundations of Computational Agents,Statistics,David Poole & Alan Mackworth,2010,3.6,21,This is a textbook aimed at junior to senior undergraduate students and first-year graduate students. It presents artificial intelligence (AI) using a coherent framework to study the design of intelligent computational agents.,http://artint.info/html/ArtInt.html,https://www.amazon.com/Artificial-Intelligence-Foundations-Computational-Agents/dp/0521519004/ref=as_li_ss_tl?ie=UTF8&linkCode=ll1&tag=learnds-20&linkId=16dee7825ba39f549126052f43186758&language=en_US
Intro Stat with Randomization and Simulation,Statistics,"David M Diez, Christopher D Barr, & Mine Çetinkaya-Rundel",2015,3.8,11,"The foundations for inference are provided using randomization and simulation methods. Once a solid foundation is formed, a transition is made to traditional approaches, where the normal and t distributions are used for hypothesis testing and...",https://www.openintro.org/book/isrs/,https://www.amazon.com/gp/product/1500576697/ref=as_li_ss_tl?ie=UTF8&linkCode=ll1&tag=learnds-20&linkId=9bc91b7d0949c6a59324c77b4554e5a7&language=en_US
OpenIntro Statistics,Statistics,"David M Diez, Christopher D Barr, & Mine Çetinkaya-Rundel",2015,4.0,34,"Probability is optional, inference is key, and we feature real data whenever possible. Files for the entire book are freely available at openintro.org.",https://www.openintro.org/book/os/,https://www.amazon.com/OpenIntro-Statistics-Third-David-Diez/dp/194345003X/ref=as_li_ss_tl?ie=UTF8&qid=1436099927&sr=8-3&keywords=openintro&linkCode=ll1&tag=learnds-20&linkId=31bf1f23deae027ff1813e2b3
"The Elements of Statistical Learning: Data Mining, Inference, and Prediction",Statistics,"Trevor Hastie, Robert Tibshirani, & Jerome Friedman",2008,4.4,281,"This book describes the important ideas in a variety of fields such as medicine, biology, finance, and marketing in a common conceptual framework. While the approach is statistical, the emphasis is on concepts rather than mathematics.",http://statweb.stanford.edu/~tibs/ElemStatLearn/printings/ESLII_print10.pdf,http://www.amazon.com/gp/product/0387848576/ref=as_li_tl?ie=UTF8&camp=1789&creative=9325&creativeASIN=0387848576&linkCode=as2&tag=learnds-20&linkId=FHRX2YF7W2YWVMAG
Think Bayes: Bayesian Statistics Made Simple,Statistics,Allen B. Downey,2012,3.9,49,"Think Bayes is an introduction to Bayesian statistics using computational methods. The premise of this book, and the other books in the Think X series, is that if you know how to program, you can use that skill to learn other topics.",http://greenteapress.com/thinkbayes/,http://www.amazon.com/gp/product/1449370780/ref=as_li_tl?ie=UTF8&camp=1789&creative=9325&creativeASIN=1449370780&linkCode=as2&tag=learnds-20&linkId=5K7RONK3PVSKTLNV
Think Stats: Exploratory Data Analysis in Python,Statistics,Allen B. Downey,2014,3.6,348,"This concise introduction shows you how to perform statistical analysis computationally, rather than mathematically, with programs written in Python.",http://greenteapress.com/thinkstats2/thinkstats2.pdf,http://www.amazon.com/gp/product/1449307116/ref=as_li_tl?ie=UTF8&camp=1789&creative=9325&creativeASIN=1449307116&linkCode=as2&tag=learnds-20&linkId=ONIBWWBVJGWUHTCS
Pattern Recognition and Machine Learning,Artificial Intelligence,Christopher M. Bishop,2006,4.3,1648,This is the first textbook on pattern recognition to present the Bayesian viewpoint. The book presents approximate inference algorithms that permit fast approximate answers in situations where exact answers are not feasible.,https://www.microsoft.com/en-us/research/publication/pattern-recognition-machine-learning/,https://www.amazon.com/Pattern-Recognition-Learning-Information-Statistics/dp/0387310738/ref=as_li_ss_tl?crid=2NJSZHWKTOPV6&dchild=1&keywords=pattern+recognition+and+machine+learning&qid=1605550301&sp
